Label,# 样本,平均值,最小值,最大值,标准偏差,异常 %,吞吐量,接收 KB/sec,发送 KB/sec,平均字节数
API-Create-Detail,10000,3,0,216,15.10,0.000%,949.84802,216.95,0.00,233.9
总体,10000,3,0,216,15.10,0.000%,949.84802,216.95,0.00,233.9
