Label,# 样本,平均值,中位数,90% 百分位,95% 百分位,99% 百分位,最小值,最大值,异常 %,吞吐量,接收 KB/sec,发送 KB/sec
API-Get-Detail,30000,1340,1006,2961,3711,7104,0,7409,9.117%,2897.43094,2197.23,0.00
总体,30000,1340,1006,2961,3711,7104,0,7409,9.117%,2897.43094,2197.23,0.00
