Label,# 样本,平均值,最小值,最大值,标准偏差,异常 %,吞吐量,接收 KB/sec,发送 KB/sec,平均字节数
API-Get-Detail,30000,1340,0,7409,1194.28,9.117%,2897.43094,2197.23,0.00,776.5
总体,30000,1340,0,7409,1194.28,9.117%,2897.43094,2197.23,0.00,776.5
